timestamp,objid,x,y,z
2025-01-01 00:00:00.000,obj001,474.7,195.8,-2373.0
2025-01-01 00:00:00.000,obj002,1334.8,107.0,-1739.1
2025-01-01 00:00:00.000,obj003,964.3,92.0,-2438.1
2025-01-01 00:00:00.000,obj004,1362.7,168.6,-1762.4
2025-01-01 00:00:00.200,obj001,451.0,187.2,-2392.4
2025-01-01 00:00:00.200,obj002,1338.1,110.3,-1778.4
2025-01-01 00:00:00.200,obj003,933.5,89.5,-2445.0
2025-01-01 00:00:00.200,obj004,1390.1,178.8,-1755.1
2025-01-01 00:00:00.400,obj001,428.1,178.1,-2412.4
2025-01-01 00:00:00.400,obj002,1342.0,114.3,-1817.7
2025-01-01 00:00:00.400,obj003,903.0,98.2,-2452.4
2025-01-01 00:00:00.400,obj004,1417.2,189.6,-1747.7
2025-01-01 00:00:00.600,obj001,404.8,169.0,-2432.0
2025-01-01 00:00:00.600,obj002,1346.4,117.9,-1856.8
2025-01-01 00:00:00.600,obj003,872.6,107.9,-2458.9
2025-01-01 00:00:00.600,obj004,1444.4,200.0,-1740.1
2025-01-01 00:00:00.800,obj001,381.7,160.2,-2452.0
2025-01-01 00:00:00.800,obj002,1350.0,122.8,-1896.0
2025-01-01 00:00:00.800,obj003,842.1,117.5,-2465.0
2025-01-01 00:00:00.800,obj004,1471.5,189.2,-1732.4
2025-01-01 00:00:01.000,obj001,358.4,151.9,-2472.0
2025-01-01 00:00:01.000,obj002,1353.7,128.0,-1935.1
2025-01-01 00:00:01.000,obj003,811.3,126.0,-2470.9
2025-01-01 00:00:01.000,obj004,1498.8,178.7,-1725.0
2025-01-01 00:00:01.200,obj001,335.5,142.7,-2492.0
2025-01-01 00:00:01.200,obj002,1357.3,132.6,-1974.2
2025-01-01 00:00:01.200,obj003,780.4,134.4,-2476.7
2025-01-01 00:00:01.200,obj004,1525.8,167.2,-1718.0
2025-01-01 00:00:01.400,obj001,313.4,133.3,-2512.9
2025-01-01 00:00:01.400,obj002,1363.0,136.4,-2013.2
2025-01-01 00:00:01.400,obj003,749.7,143.6,-2482.3
2025-01-01 00:00:01.400,obj004,1552.7,156.3,-1710.0
2025-01-01 00:00:01.600,obj001,291.3,125.0,-2534.1
2025-01-01 00:00:01.600,obj002,1367.3,141.1,-2052.3
2025-01-01 00:00:01.600,obj003,719.2,153.2,-2488.5
2025-01-01 00:00:01.600,obj004,1554.0,144.9,-1701.2
2025-01-01 00:00:01.800,obj001,268.3,116.3,-2554.3
2025-01-01 00:00:01.800,obj002,1371.2,145.6,-2091.5
2025-01-01 00:00:01.800,obj003,689.1,163.4,-2495.4
2025-01-01 00:00:01.800,obj004,1528.0,133.0,-1691.5
2025-01-01 00:00:02.000,obj001,245.7,107.1,-2574.7
2025-01-01 00:00:02.000,obj002,1375.5,149.6,-2130.7
2025-01-01 00:00:02.000,obj003,659.0,173.1,-2503.1
2025-01-01 00:00:02.000,obj004,1502.5,120.9,-1681.1
2025-01-01 00:00:02.200,obj001,223.5,98.0,-2595.5
2025-01-01 00:00:02.200,obj002,1378.1,153.7,-2170.0
2025-01-01 00:00:02.200,obj003,629.4,183.7,-2511.2
2025-01-01 00:00:02.200,obj004,1477.5,108.9,-1669.2
2025-01-01 00:00:02.400,obj001,206.0,89.5,-2615.8
2025-01-01 00:00:02.400,obj002,1379.6,157.3,-2209.4
2025-01-01 00:00:02.400,obj003,599.5,194.7,-2517.8
2025-01-01 00:00:02.400,obj004,1453.0,96.9,-1656.5
2025-01-01 00:00:02.600,obj001,228.9,99.6,-2635.4
2025-01-01 00:00:02.600,obj002,1380.5,160.9,-2248.8
2025-01-01 00:00:02.600,obj003,569.3,200.0,-2524.5
2025-01-01 00:00:02.600,obj004,1427.6,89.5,-1644.6
2025-01-01 00:00:02.800,obj001,252.3,109.6,-2654.4
2025-01-01 00:00:02.800,obj002,1381.1,164.5,-2288.2
2025-01-01 00:00:02.800,obj003,539.3,189.4,-2531.1
2025-01-01 00:00:02.800,obj004,1402.1,100.6,-1633.1
2025-01-01 00:00:03.000,obj001,275.6,119.2,-2673.8
2025-01-01 00:00:03.000,obj002,1382.0,168.0,-2327.7
2025-01-01 00:00:03.000,obj003,509.3,178.5,-2537.6
2025-01-01 00:00:03.000,obj004,1376.3,110.6,-1621.0
2025-01-01 00:00:03.200,obj001,298.9,128.6,-2693.3
2025-01-01 00:00:03.200,obj002,1384.4,173.1,-2366.9
2025-01-01 00:00:03.200,obj003,479.1,168.2,-2544.2
2025-01-01 00:00:03.200,obj004,1350.2,120.2,-1609.4
2025-01-01 00:00:03.400,obj001,321.4,137.8,-2713.8
2025-01-01 00:00:03.400,obj002,1386.2,180.3,-2405.8
2025-01-01 00:00:03.400,obj003,449.1,157.5,-2550.4
2025-01-01 00:00:03.400,obj004,1324.1,129.5,-1597.6
2025-01-01 00:00:03.600,obj001,343.8,146.6,-2734.6
2025-01-01 00:00:03.600,obj002,1387.6,188.4,-2444.5
2025-01-01 00:00:03.600,obj003,419.4,145.7,-2556.7
2025-01-01 00:00:03.600,obj004,1297.9,139.1,-1586.0
2025-01-01 00:00:03.800,obj001,366.0,154.4,-2755.9
2025-01-01 00:00:03.800,obj002,1388.8,198.0,-2482.9
2025-01-01 00:00:03.800,obj003,389.8,134.1,-2563.5
2025-01-01 00:00:03.800,obj004,1271.7,147.9,-1574.2
2025-01-01 00:00:04.000,obj001,387.4,162.9,-2777.8
2025-01-01 00:00:04.000,obj002,1390.6,200.0,-2521.5
2025-01-01 00:00:04.000,obj003,360.1,122.5,-2570.1
2025-01-01 00:00:04.000,obj004,1245.4,156.6,-1562.2
2025-01-01 00:00:04.200,obj001,408.3,172.2,-2799.9
2025-01-01 00:00:04.200,obj002,1393.1,192.8,-2560.4
2025-01-01 00:00:04.200,obj003,330.3,111.7,-2577.3
2025-01-01 00:00:04.200,obj004,1218.8,165.5,-1551.3
2025-01-01 00:00:04.400,obj001,428.5,180.6,-2822.9
2025-01-01 00:00:04.400,obj002,1395.1,186.2,-2599.4
2025-01-01 00:00:04.400,obj003,301.0,100.2,-2585.5
2025-01-01 00:00:04.400,obj004,1192.2,174.2,-1540.0
2025-01-01 00:00:04.600,obj001,448.7,188.6,-2846.2
2025-01-01 00:00:04.600,obj002,1397.8,179.3,-2638.3
2025-01-01 00:00:04.600,obj003,282.7,91.9,-2587.4
2025-01-01 00:00:04.600,obj004,1165.5,182.3,-1528.6
2025-01-01 00:00:04.800,obj001,468.7,195.4,-2870.0
2025-01-01 00:00:04.800,obj002,1401.0,171.3,-2677.0
2025-01-01 00:00:04.800,obj003,253.4,89.5,-2590.7
2025-01-01 00:00:04.800,obj004,1138.7,190.8,-1517.6
2025-01-01 00:00:05.000,obj001,488.1,200.0,-2879.0
2025-01-01 00:00:05.000,obj002,1403.1,164.5,-2715.9
2025-01-01 00:00:05.000,obj003,223.1,101.0,-2593.5
2025-01-01 00:00:05.000,obj004,1112.5,200.0,-1506.1
2025-01-01 00:00:05.200,obj001,507.8,192.3,-2855.3
2025-01-01 00:00:05.200,obj002,1405.3,159.5,-2755.1
2025-01-01 00:00:05.200,obj003,206.0,112.8,-2596.4
2025-01-01 00:00:05.200,obj004,1085.8,191.4,-1495.1
2025-01-01 00:00:05.400,obj001,527.1,184.4,-2831.3
2025-01-01 00:00:05.400,obj002,1407.2,152.9,-2794.1
2025-01-01 00:00:05.400,obj003,236.5,123.5,-2599.4
2025-01-01 00:00:05.400,obj004,1059.8,181.8,-1483.2
2025-01-01 00:00:05.600,obj001,546.1,176.0,-2807.2
2025-01-01 00:00:05.600,obj002,1409.6,145.2,-2832.9
2025-01-01 00:00:05.600,obj003,267.3,133.4,-2602.5
2025-01-01 00:00:05.600,obj004,1033.6,172.4,-1471.6
2025-01-01 00:00:05.800,obj001,565.4,167.5,-2783.5
2025-01-01 00:00:05.800,obj002,1412.7,137.8,-2871.7
2025-01-01 00:00:05.800,obj003,298.2,142.9,-2605.5
2025-01-01 00:00:05.800,obj004,1007.5,162.9,-1459.9
2025-01-01 00:00:06.000,obj001,584.9,158.4,-2760.0
2025-01-01 00:00:06.000,obj002,1415.5,131.9,-2879.0
2025-01-01 00:00:06.000,obj003,328.9,153.0,-2608.6
2025-01-01 00:00:06.000,obj004,981.5,153.5,-1447.7
2025-01-01 00:00:06.200,obj001,604.8,147.8,-2737.6
2025-01-01 00:00:06.200,obj002,1417.7,125.3,-2840.0
2025-01-01 00:00:06.200,obj003,359.7,163.1,-2610.9
2025-01-01 00:00:06.200,obj004,955.7,143.4,-1435.8
2025-01-01 00:00:06.400,obj001,624.8,137.7,-2715.1
2025-01-01 00:00:06.400,obj002,1422.2,119.0,-2801.2
2025-01-01 00:00:06.400,obj003,390.4,173.0,-2613.8
2025-01-01 00:00:06.400,obj004,929.5,133.1,-1425.1
2025-01-01 00:00:06.600,obj001,645.1,127.1,-2693.1
2025-01-01 00:00:06.600,obj002,1427.2,112.8,-2762.4
2025-01-01 00:00:06.600,obj003,421.1,183.4,-2615.9
2025-01-01 00:00:06.600,obj004,903.0,122.9,-1415.1
2025-01-01 00:00:06.800,obj001,665.3,116.8,-2670.7
2025-01-01 00:00:06.800,obj002,1432.9,108.3,-2723.4
2025-01-01 00:00:06.800,obj003,451.8,193.9,-2617.6
2025-01-01 00:00:06.800,obj004,876.7,113.4,-1403.7
2025-01-01 00:00:07.000,obj001,685.7,107.6,-2648.2
2025-01-01 00:00:07.000,obj002,1437.8,105.3,-2684.3
2025-01-01 00:00:07.000,obj003,482.5,200.0,-2618.8
2025-01-01 00:00:07.000,obj004,850.3,104.1,-1392.6
2025-01-01 00:00:07.200,obj001,706.5,99.1,-2625.7
2025-01-01 00:00:07.200,obj002,1443.3,102.1,-2645.2
2025-01-01 00:00:07.200,obj003,513.7,191.0,-2619.8
2025-01-01 00:00:07.200,obj004,823.6,94.9,-1382.0
2025-01-01 00:00:07.400,obj001,726.7,90.3,-2602.8
2025-01-01 00:00:07.400,obj002,1449.0,99.6,-2606.1
2025-01-01 00:00:07.400,obj003,545.1,182.8,-2621.5
2025-01-01 00:00:07.400,obj004,797.0,89.5,-1371.1
2025-01-01 00:00:07.600,obj001,747.0,89.5,-2580.1
2025-01-01 00:00:07.600,obj002,1455.0,97.3,-2567.0
2025-01-01 00:00:07.600,obj003,576.4,174.2,-2623.1
2025-01-01 00:00:07.600,obj004,770.6,98.1,-1359.6
2025-01-01 00:00:07.800,obj001,767.4,98.8,-2557.6
2025-01-01 00:00:07.800,obj002,1461.3,94.2,-2528.0
2025-01-01 00:00:07.800,obj003,607.9,166.7,-2624.9
2025-01-01 00:00:07.800,obj004,743.9,107.1,-1348.7
2025-01-01 00:00:08.000,obj001,788.3,107.3,-2535.2
2025-01-01 00:00:08.000,obj002,1467.0,91.0,-2489.0
2025-01-01 00:00:08.000,obj003,639.2,158.5,-2627.2
2025-01-01 00:00:08.000,obj004,716.7,115.8,-1339.1
2025-01-01 00:00:08.200,obj001,810.0,115.6,-2513.5
2025-01-01 00:00:08.200,obj002,1471.9,89.5,-2449.8
2025-01-01 00:00:08.200,obj003,670.8,151.1,-2629.0
2025-01-01 00:00:08.200,obj004,689.5,125.3,-1330.1
2025-01-01 00:00:08.400,obj001,830.9,124.6,-2491.3
2025-01-01 00:00:08.400,obj002,1476.4,90.9,-2410.5
2025-01-01 00:00:08.400,obj003,702.3,143.6,-2631.7
2025-01-01 00:00:08.400,obj004,662.0,134.1,-1321.4
2025-01-01 00:00:08.600,obj001,852.3,133.5,-2469.5
2025-01-01 00:00:08.600,obj002,1480.1,91.6,-2371.0
2025-01-01 00:00:08.600,obj003,733.6,135.3,-2634.2
2025-01-01 00:00:08.600,obj004,634.3,142.2,-1312.8
2025-01-01 00:00:08.800,obj001,874.7,140.8,-2448.2
2025-01-01 00:00:08.800,obj002,1484.7,91.1,-2331.7
2025-01-01 00:00:08.800,obj003,764.9,127.4,-2637.3
2025-01-01 00:00:08.800,obj004,606.8,151.0,-1304.3
2025-01-01 00:00:09.000,obj001,896.3,148.5,-2426.1
2025-01-01 00:00:09.000,obj002,1490.0,91.5,-2292.5
2025-01-01 00:00:09.000,obj003,796.1,119.1,-2640.9
2025-01-01 00:00:09.000,obj004,579.2,158.9,-1295.0
2025-01-01 00:00:09.200,obj001,918.6,155.5,-2404.6
2025-01-01 00:00:09.200,obj002,1495.9,93.6,-2253.3
2025-01-01 00:00:09.200,obj003,827.3,110.6,-2643.5
2025-01-01 00:00:09.200,obj004,551.8,167.4,-1285.6
2025-01-01 00:00:09.400,obj001,933.5,163.1,-2389.2
2025-01-01 00:00:09.400,obj002,1501.2,95.6,-2214.2
2025-01-01 00:00:09.400,obj003,858.1,100.6,-2646.1
2025-01-01 00:00:09.400,obj004,524.1,175.1,-1276.7
2025-01-01 00:00:09.600,obj001,957.1,176.0,-2363.9
2025-01-01 00:00:09.600,obj002,1508.0,97.6,-2175.2
2025-01-01 00:00:09.600,obj003,888.6,89.8,-2648.9
2025-01-01 00:00:09.600,obj004,496.5,182.6,-1267.1
2025-01-01 00:00:09.800,obj001,981.5,189.0,-2339.3
2025-01-01 00:00:09.800,obj002,1514.7,99.6,-2136.2
2025-01-01 00:00:09.800,obj003,919.2,89.5,-2652.3
2025-01-01 00:00:09.800,obj004,468.7,190.0,-1258.2
2025-01-01 00:00:10.000,obj001,1006.1,200.0,-2314.6
2025-01-01 00:00:10.000,obj002,1521.7,101.8,-2097.3
2025-01-01 00:00:10.000,obj003,949.8,100.0,-2655.7
2025-01-01 00:00:10.000,obj004,440.5,197.1,-1258.0
2025-01-01 00:00:10.200,obj001,1030.8,187.5,-2290.1
2025-01-01 00:00:10.200,obj002,1529.7,105.4,-2058.7
2025-01-01 00:00:10.200,obj003,980.2,110.9,-2658.6
2025-01-01 00:00:10.200,obj004,412.7,200.0,-1266.6
2025-01-01 00:00:10.400,obj001,1055.2,174.7,-2265.5
2025-01-01 00:00:10.400,obj002,1538.2,108.9,-2020.2
2025-01-01 00:00:10.400,obj003,1010.6,121.8,-2662.2
2025-01-01 00:00:10.400,obj004,385.1,192.2,-1275.8
2025-01-01 00:00:10.600,obj001,1078.3,161.5,-2240.0
2025-01-01 00:00:10.600,obj002,1547.3,110.7,-1981.7
2025-01-01 00:00:10.600,obj003,1041.1,132.3,-2665.8
2025-01-01 00:00:10.600,obj004,357.5,184.3,-1284.8
2025-01-01 00:00:10.800,obj001,1101.8,149.0,-2214.4
2025-01-01 00:00:10.800,obj002,1554.0,113.3,-1943.0
2025-01-01 00:00:10.800,obj003,1071.8,142.6,-2668.8
2025-01-01 00:00:10.800,obj004,329.4,176.7,-1293.1
2025-01-01 00:00:11.000,obj001,1124.8,137.0,-2188.1
2025-01-01 00:00:11.000,obj002,1544.8,115.8,-1904.6
2025-01-01 00:00:11.000,obj003,1102.3,153.4,-2671.0
2025-01-01 00:00:11.000,obj004,301.4,169.4,-1301.2
2025-01-01 00:00:11.200,obj001,1148.8,125.4,-2162.5
2025-01-01 00:00:11.200,obj002,1533.9,117.9,-1866.6
2025-01-01 00:00:11.200,obj003,1133.0,163.8,-2672.4
2025-01-01 00:00:11.200,obj004,273.2,162.4,-1309.3
2025-01-01 00:00:11.400,obj001,1172.8,112.9,-2137.4
2025-01-01 00:00:11.400,obj002,1522.0,119.3,-1828.8
2025-01-01 00:00:11.400,obj003,1163.5,175.0,-2673.4
2025-01-01 00:00:11.400,obj004,245.0,154.6,-1316.5
2025-01-01 00:00:11.600,obj001,1196.6,99.9,-2112.3
2025-01-01 00:00:11.600,obj002,1510.2,120.6,-1791.0
2025-01-01 00:00:11.600,obj003,1193.7,186.9,-2674.4
2025-01-01 00:00:11.600,obj004,216.7,146.1,-1322.9
2025-01-01 00:00:11.800,obj001,1220.4,89.5,-2087.0
2025-01-01 00:00:11.800,obj002,1498.8,121.6,-1753.1
2025-01-01 00:00:11.800,obj003,1223.6,199.4,-2673.9
2025-01-01 00:00:11.800,obj004,206.0,138.4,-1328.4
2025-01-01 00:00:12.000,obj001,1242.7,102.5,-2060.6
2025-01-01 00:00:12.000,obj002,1487.0,122.9,-1715.3
2025-01-01 00:00:12.000,obj003,1253.3,200.0,-2671.8
2025-01-01 00:00:12.000,obj004,234.6,130.8,-1334.3
2025-01-01 00:00:12.200,obj001,1265.7,116.3,-2035.3
2025-01-01 00:00:12.200,obj002,1475.1,124.5,-1677.6
2025-01-01 00:00:12.200,obj003,1283.0,187.1,-2669.5
2025-01-01 00:00:12.200,obj004,263.3,124.0,-1340.6
2025-01-01 00:00:12.400,obj001,1288.9,130.8,-2010.5
2025-01-01 00:00:12.400,obj002,1463.3,127.2,-1639.9
2025-01-01 00:00:12.400,obj003,1313.3,175.5,-2667.3
2025-01-01 00:00:12.400,obj004,291.8,117.4,-1347.9
2025-01-01 00:00:12.600,obj001,1312.0,145.1,-1985.4
2025-01-01 00:00:12.600,obj002,1450.5,127.7,-1602.4
2025-01-01 00:00:12.600,obj003,1343.2,163.2,-2665.0
2025-01-01 00:00:12.600,obj004,320.5,110.8,-1354.5
2025-01-01 00:00:12.800,obj001,1334.8,159.9,-1960.4
2025-01-01 00:00:12.800,obj002,1436.9,128.0,-1565.2
2025-01-01 00:00:12.800,obj003,1373.3,151.1,-2662.7
2025-01-01 00:00:12.800,obj004,349.2,104.1,-1360.5
2025-01-01 00:00:13.000,obj001,1357.9,174.6,-1935.6
2025-01-01 00:00:13.000,obj002,1422.1,127.2,-1528.5
2025-01-01 00:00:13.000,obj003,1403.7,139.9,-2660.7
2025-01-01 00:00:13.000,obj004,378.1,97.8,-1366.4
2025-01-01 00:00:13.200,obj001,1380.7,190.1,-1911.0
2025-01-01 00:00:13.200,obj002,1406.6,125.6,-1492.1
2025-01-01 00:00:13.200,obj003,1433.8,128.0,-2658.8
2025-01-01 00:00:13.200,obj004,406.9,90.9,-1372.2
2025-01-01 00:00:13.400,obj001,1404.2,200.0,-1886.2
2025-01-01 00:00:13.400,obj002,1390.1,125.5,-1456.1
2025-01-01 00:00:13.400,obj003,1464.4,117.1,-2656.7
2025-01-01 00:00:13.400,obj004,435.5,89.5,-1378.7
2025-01-01 00:00:13.600,obj001,1428.0,186.7,-1861.3
2025-01-01 00:00:13.600,obj002,1374.0,125.2,-1419.9
2025-01-01 00:00:13.600,obj003,1495.0,106.7,-2654.3
2025-01-01 00:00:13.600,obj004,464.1,96.5,-1384.8
2025-01-01 00:00:13.800,obj001,1451.8,171.6,-1837.5
2025-01-01 00:00:13.800,obj002,1357.6,123.8,-1383.9
2025-01-01 00:00:13.800,obj003,1525.5,95.8,-2651.8
2025-01-01 00:00:13.800,obj004,492.4,104.7,-1391.2
2025-01-01 00:00:14.000,obj001,1476.4,157.0,-1814.1
2025-01-01 00:00:14.000,obj002,1341.3,121.7,-1347.8
2025-01-01 00:00:14.000,obj003,1554.0,89.5,-2649.5
2025-01-01 00:00:14.000,obj004,520.5,113.4,-1398.0
2025-01-01 00:00:14.200,obj001,1501.1,141.4,-1791.5
2025-01-01 00:00:14.200,obj002,1326.1,120.9,-1311.3
2025-01-01 00:00:14.200,obj003,1523.4,100.0,-2647.4
2025-01-01 00:00:14.200,obj004,548.5,122.0,-1405.1
2025-01-01 00:00:14.400,obj001,1526.1,126.3,-1768.9
2025-01-01 00:00:14.400,obj002,1310.6,122.4,-1274.9
2025-01-01 00:00:14.400,obj003,1492.6,110.1,-2645.4
2025-01-01 00:00:14.400,obj004,576.4,130.8,-1412.4
2025-01-01 00:00:14.600,obj001,1551.1,110.7,-1746.6
2025-01-01 00:00:14.600,obj002,1295.0,124.4,-1258.0
2025-01-01 00:00:14.600,obj003,1461.4,119.1,-2643.9
2025-01-01 00:00:14.600,obj004,604.6,138.6,-1419.7
2025-01-01 00:00:14.800,obj001,1554.0,95.6,-1723.9
2025-01-01 00:00:14.800,obj002,1280.0,126.9,-1294.6
2025-01-01 00:00:14.800,obj003,1430.3,128.4,-2642.7
2025-01-01 00:00:14.800,obj004,632.9,146.3,-1426.7
2025-01-01 00:00:15.000,obj001,1529.5,89.5,-1700.2
2025-01-01 00:00:15.000,obj002,1264.9,130.0,-1331.0
2025-01-01 00:00:15.000,obj003,1399.2,137.5,-2641.6
2025-01-01 00:00:15.000,obj004,661.3,153.4,-1433.8
2025-01-01 00:00:15.200,obj001,1504.8,103.2,-1676.4
2025-01-01 00:00:15.200,obj002,1249.4,133.8,-1367.3
2025-01-01 00:00:15.200,obj003,1367.8,145.8,-2640.9
2025-01-01 00:00:15.200,obj004,689.5,161.2,-1441.0
2025-01-01 00:00:15.400,obj001,1480.0,118.2,-1653.5
2025-01-01 00:00:15.400,obj002,1232.5,138.4,-1402.8
2025-01-01 00:00:15.400,obj003,1336.2,153.0,-2638.8
2025-01-01 00:00:15.400,obj004,718.1,168.6,-1446.8
2025-01-01 00:00:15.600,obj001,1454.7,132.8,-1630.9
2025-01-01 00:00:15.600,obj002,1215.6,143.6,-1438.2
2025-01-01 00:00:15.600,obj003,1304.7,160.6,-2636.9
2025-01-01 00:00:15.600,obj004,746.7,176.0,-1453.0
2025-01-01 00:00:15.800,obj001,1429.8,148.2,-1608.4
2025-01-01 00:00:15.800,obj002,1198.0,149.7,-1473.2
2025-01-01 00:00:15.800,obj003,1272.9,167.3,-2635.6
2025-01-01 00:00:15.800,obj004,775.3,182.9,-1459.6
2025-01-01 00:00:16.000,obj001,1405.8,164.4,-1585.5
2025-01-01 00:00:16.000,obj002,1180.1,155.3,-1508.1
2025-01-01 00:00:16.000,obj003,1241.3,174.3,-2633.6
2025-01-01 00:00:16.000,obj004,803.6,191.0,-1466.2
2025-01-01 00:00:16.200,obj001,1381.6,180.6,-1562.7
2025-01-01 00:00:16.200,obj002,1162.8,161.1,-1543.2
2025-01-01 00:00:16.200,obj003,1209.7,181.7,-2632.8
2025-01-01 00:00:16.200,obj004,832.1,199.5,-1471.2
2025-01-01 00:00:16.400,obj001,1357.5,196.9,-1540.0
2025-01-01 00:00:16.400,obj002,1144.1,166.1,-1577.8
2025-01-01 00:00:16.400,obj003,1178.3,189.9,-2631.0
2025-01-01 00:00:16.400,obj004,860.8,200.0,-1476.7
2025-01-01 00:00:16.600,obj001,1333.8,200.0,-1516.7
2025-01-01 00:00:16.600,obj002,1129.2,165.8,-1603.3
2025-01-01 00:00:16.600,obj003,1147.0,198.1,-2628.7
2025-01-01 00:00:16.600,obj004,889.5,192.4,-1482.0
2025-01-01 00:00:16.800,obj001,1309.4,184.0,-1494.0
2025-01-01 00:00:16.800,obj002,1114.6,165.0,-1629.9
2025-01-01 00:00:16.800,obj003,1115.7,200.0,-2625.2
2025-01-01 00:00:16.800,obj004,918.1,184.3,-1487.4
2025-01-01 00:00:17.000,obj001,1285.4,168.3,-1470.8
2025-01-01 00:00:17.000,obj002,1099.8,164.0,-1656.4
2025-01-01 00:00:17.000,obj003,1084.6,191.6,-2621.6
2025-01-01 00:00:17.000,obj004,946.6,176.2,-1492.9
2025-01-01 00:00:17.200,obj001,1261.3,153.1,-1447.3
2025-01-01 00:00:17.200,obj002,1085.7,163.1,-1683.3
2025-01-01 00:00:17.200,obj003,1053.3,183.4,-2618.7
2025-01-01 00:00:17.200,obj004,975.4,169.2,-1498.3
2025-01-01 00:00:17.400,obj001,1236.4,138.2,-1424.5
2025-01-01 00:00:17.400,obj002,1071.3,161.8,-1710.1
2025-01-01 00:00:17.400,obj003,1022.3,174.4,-2615.1
2025-01-01 00:00:17.400,obj004,1004.0,162.0,-1504.3
2025-01-01 00:00:17.600,obj001,1210.6,123.2,-1402.7
2025-01-01 00:00:17.600,obj002,1056.5,160.7,-1736.5
2025-01-01 00:00:17.600,obj003,991.1,165.8,-2612.5
2025-01-01 00:00:17.600,obj004,1032.9,155.4,-1510.0
2025-01-01 00:00:17.800,obj001,1184.4,107.8,-1381.6
2025-01-01 00:00:17.800,obj002,1042.2,160.6,-1763.4
2025-01-01 00:00:17.800,obj003,960.0,156.8,-2610.2
2025-01-01 00:00:17.800,obj004,1061.2,147.4,-1516.5
2025-01-01 00:00:18.000,obj001,1159.1,92.2,-1359.8
2025-01-01 00:00:18.000,obj002,1027.3,161.2,-1789.8
2025-01-01 00:00:18.000,obj003,928.7,148.2,-2608.5
2025-01-01 00:00:18.000,obj004,1089.7,139.9,-1523.0
2025-01-01 00:00:18.200,obj001,1133.5,89.5,-1337.7
2025-01-01 00:00:18.200,obj002,1012.5,161.6,-1816.4
2025-01-01 00:00:18.200,obj003,897.5,139.5,-2607.0
2025-01-01 00:00:18.200,obj004,1118.0,132.2,-1529.8
2025-01-01 00:00:18.400,obj001,1107.6,103.6,-1315.5
2025-01-01 00:00:18.400,obj002,997.2,162.5,-1842.6
2025-01-01 00:00:18.400,obj003,866.2,131.0,-2605.2
2025-01-01 00:00:18.400,obj004,1147.9,121.9,-1540.7
2025-01-01 00:00:18.600,obj001,1081.7,117.7,-1293.2
2025-01-01 00:00:18.600,obj002,981.8,163.0,-1868.8
2025-01-01 00:00:18.600,obj003,835.1,122.3,-2602.2
2025-01-01 00:00:18.600,obj004,1178.3,111.5,-1552.3
2025-01-01 00:00:18.800,obj001,1056.6,132.7,-1270.7
2025-01-01 00:00:18.800,obj002,966.9,162.9,-1895.2
2025-01-01 00:00:18.800,obj003,797.4,113.4,-2597.2
2025-01-01 00:00:18.800,obj004,1209.4,102.0,-1563.1
2025-01-01 00:00:19.000,obj001,1031.3,148.0,-1258.0
2025-01-01 00:00:19.000,obj002,953.0,163.4,-1922.3
2025-01-01 00:00:19.000,obj003,759.2,105.0,-2592.1
2025-01-01 00:00:19.000,obj004,1240.4,93.0,-1574.5
2025-01-01 00:00:19.200,obj001,1006.9,164.3,-1280.4
2025-01-01 00:00:19.200,obj002,939.4,164.8,-1949.4
2025-01-01 00:00:19.200,obj003,720.9,97.3,-2586.5
2025-01-01 00:00:19.200,obj004,1271.4,89.5,-1586.3
2025-01-01 00:00:19.400,obj001,982.7,180.3,-1303.4
2025-01-01 00:00:19.400,obj002,925.5,165.8,-1976.4
2025-01-01 00:00:19.400,obj003,682.5,90.1,-2581.5
2025-01-01 00:00:19.400,obj004,1302.2,98.2,-1598.4
2025-01-01 00:00:19.600,obj001,958.4,196.7,-1325.8
2025-01-01 00:00:19.600,obj002,911.3,166.6,-2003.2
2025-01-01 00:00:19.600,obj003,644.1,89.5,-2576.3
2025-01-01 00:00:19.600,obj004,1333.1,106.7,-1610.6
2025-01-01 00:00:19.800,obj001,942.4,200.0,-1336.2
2025-01-01 00:00:19.800,obj002,897.2,167.5,-2030.1
2025-01-01 00:00:19.800,obj003,606.0,98.1,-2570.7
2025-01-01 00:00:19.800,obj004,1363.7,114.7,-1623.5
2025-01-01 00:00:20.000,obj001,918.4,182.1,-1353.2
2025-01-01 00:00:20.000,obj002,883.1,168.2,-2057.1
2025-01-01 00:00:20.000,obj003,567.9,107.6,-2566.6
2025-01-01 00:00:20.000,obj004,1394.8,121.7,-1636.0
2025-01-01 00:00:20.200,obj001,894.9,164.3,-1371.0
2025-01-01 00:00:20.200,obj002,868.4,167.8,-2083.6
2025-01-01 00:00:20.200,obj003,530.1,117.6,-2561.5
2025-01-01 00:00:20.200,obj004,1426.1,127.3,-1648.7
2025-01-01 00:00:20.400,obj001,871.8,146.8,-1389.5
2025-01-01 00:00:20.400,obj002,852.7,167.7,-2109.6
2025-01-01 00:00:20.400,obj003,492.6,128.7,-2556.5
2025-01-01 00:00:20.400,obj004,1457.3,133.0,-1661.5
2025-01-01 00:00:20.600,obj001,849.1,128.7,-1408.0
2025-01-01 00:00:20.600,obj002,836.6,167.5,-2135.4
2025-01-01 00:00:20.600,obj003,455.2,140.3,-2552.4
2025-01-01 00:00:20.600,obj004,1488.7,137.9,-1674.1
2025-01-01 00:00:20.800,obj001,826.5,110.7,-1426.8
2025-01-01 00:00:20.800,obj002,820.3,167.1,-2161.0
2025-01-01 00:00:20.800,obj003,417.8,152.1,-2548.1
2025-01-01 00:00:20.800,obj004,1520.0,144.1,-1686.5
2025-01-01 00:00:21.000,obj001,804.5,92.3,-1445.8
2025-01-01 00:00:21.000,obj002,803.6,165.4,-2186.4
2025-01-01 00:00:21.000,obj003,380.1,163.1,-2544.6
2025-01-01 00:00:21.000,obj004,1551.4,150.1,-1698.6
2025-01-01 00:00:21.200,obj001,782.8,89.5,-1464.1
2025-01-01 00:00:21.200,obj002,787.5,163.5,-2212.1
2025-01-01 00:00:21.200,obj003,342.0,172.5,-2540.9
2025-01-01 00:00:21.200,obj004,1554.0,155.6,-1710.0
2025-01-01 00:00:21.400,obj001,760.9,109.0,-1482.1
2025-01-01 00:00:21.400,obj002,771.6,161.7,-2237.9
2025-01-01 00:00:21.400,obj003,303.8,181.1,-2536.1
2025-01-01 00:00:21.400,obj004,1522.1,162.3,-1720.5
2025-01-01 00:00:21.600,obj001,739.4,129.2,-1499.8
2025-01-01 00:00:21.600,obj002,756.1,159.4,-2263.9
2025-01-01 00:00:21.600,obj003,265.6,188.8,-2530.2
2025-01-01 00:00:21.600,obj004,1490.1,168.8,-1730.7
2025-01-01 00:00:21.800,obj001,717.7,148.7,-1518.2
2025-01-01 00:00:21.800,obj002,740.1,157.0,-2289.6
2025-01-01 00:00:21.800,obj003,227.7,197.3,-2523.0
2025-01-01 00:00:21.800,obj004,1458.3,175.0,-1741.6
2025-01-01 00:00:22.000,obj001,695.1,167.1,-1536.5
2025-01-01 00:00:22.000,obj002,724.2,154.9,-2315.4
2025-01-01 00:00:22.000,obj003,206.0,200.0,-2514.8
2025-01-01 00:00:22.000,obj004,1426.4,181.0,-1752.4
2025-01-01 00:00:22.200,obj001,672.9,186.4,-1554.3
2025-01-01 00:00:22.200,obj002,707.9,152.5,-2341.0
2025-01-01 00:00:22.200,obj003,243.6,190.5,-2507.5
2025-01-01 00:00:22.200,obj004,1394.9,188.4,-1763.5
2025-01-01 00:00:22.400,obj001,650.3,200.0,-1571.4
2025-01-01 00:00:22.400,obj002,692.1,150.5,-2366.8
2025-01-01 00:00:22.400,obj003,281.4,181.9,-2500.7
2025-01-01 00:00:22.400,obj004,1363.5,195.6,-1775.1
2025-01-01 00:00:22.600,obj001,627.9,180.2,-1588.3
2025-01-01 00:00:22.600,obj002,677.0,149.2,-2393.2
2025-01-01 00:00:22.600,obj003,319.2,173.3,-2493.3
2025-01-01 00:00:22.600,obj004,1332.4,200.0,-1787.4
2025-01-01 00:00:22.800,obj001,604.8,160.8,-1605.0
2025-01-01 00:00:22.800,obj002,661.6,147.0,-2419.2
2025-01-01 00:00:22.800,obj003,357.1,165.8,-2485.4
2025-01-01 00:00:22.800,obj004,1301.1,192.1,-1798.8
2025-01-01 00:00:23.000,obj001,581.2,142.2,-1621.8
2025-01-01 00:00:23.000,obj002,646.3,144.7,-2445.4
2025-01-01 00:00:23.000,obj003,394.8,158.0,-2477.0
2025-01-01 00:00:23.000,obj004,1270.1,183.8,-1810.6
2025-01-01 00:00:23.200,obj001,558.0,123.3,-1638.8
2025-01-01 00:00:23.200,obj002,630.8,143.0,-2471.5
2025-01-01 00:00:23.200,obj003,433.0,150.4,-2470.5
2025-01-01 00:00:23.200,obj004,1239.1,175.4,-1822.4
2025-01-01 00:00:23.400,obj001,535.2,104.6,-1656.5
2025-01-01 00:00:23.400,obj002,616.0,141.5,-2498.0
2025-01-01 00:00:23.400,obj003,471.1,141.8,-2465.2
2025-01-01 00:00:23.400,obj004,1208.3,166.7,-1834.3
2025-01-01 00:00:23.600,obj001,512.7,89.5,-1674.4
2025-01-01 00:00:23.600,obj002,600.7,141.5,-2524.2
2025-01-01 00:00:23.600,obj003,508.8,131.9,-2459.2
2025-01-01 00:00:23.600,obj004,1177.2,158.0,-1845.7
2025-01-01 00:00:23.800,obj001,490.2,108.5,-1692.1
2025-01-01 00:00:23.800,obj002,585.7,141.0,-2550.6
2025-01-01 00:00:23.800,obj003,546.7,122.9,-2452.9
2025-01-01 00:00:23.800,obj004,1146.0,149.0,-1856.4
2025-01-01 00:00:24.000,obj001,468.7,127.7,-1710.9
2025-01-01 00:00:24.000,obj002,570.3,140.4,-2576.8
2025-01-01 00:00:24.000,obj003,584.6,113.8,-2446.9
2025-01-01 00:00:24.000,obj004,1115.0,139.4,-1867.3
2025-01-01 00:00:24.200,obj001,447.8,146.7,-1730.7
2025-01-01 00:00:24.200,obj002,554.7,139.9,-2602.9
2025-01-01 00:00:24.200,obj003,622.7,105.1,-2441.9
2025-01-01 00:00:24.200,obj004,1084.5,128.0,-1878.0
2025-01-01 00:00:24.400,obj001,426.6,165.5,-1750.2
2025-01-01 00:00:24.400,obj002,539.4,137.9,-2629.0
2025-01-01 00:00:24.400,obj003,660.7,96.3,-2436.1
2025-01-01 00:00:24.400,obj004,1054.1,116.6,-1888.6
2025-01-01 00:00:24.600,obj001,404.7,183.5,-1769.8
2025-01-01 00:00:24.600,obj002,523.6,136.5,-2654.9
2025-01-01 00:00:24.600,obj003,698.6,89.5,-2429.6
2025-01-01 00:00:24.600,obj004,1024.3,104.6,-1900.6
2025-01-01 00:00:24.800,obj001,383.4,200.0,-1789.8
2025-01-01 00:00:24.800,obj002,508.2,134.9,-2681.1
2025-01-01 00:00:24.800,obj003,736.8,98.1,-2424.7
2025-01-01 00:00:24.800,obj004,994.7,92.7,-1912.9
2025-01-01 00:00:25.000,obj001,361.8,182.3,-1809.9
2025-01-01 00:00:25.000,obj002,493.1,132.7,-2707.3
2025-01-01 00:00:25.000,obj003,775.0,106.9,-2420.9
2025-01-01 00:00:25.000,obj004,964.4,89.5,-1924.5
2025-01-01 00:00:25.200,obj001,340.4,164.9,-1830.6
2025-01-01 00:00:25.200,obj002,479.3,130.5,-2734.3
2025-01-01 00:00:25.200,obj003,813.5,114.7,-2417.3
2025-01-01 00:00:25.200,obj004,934.1,100.4,-1936.2
2025-01-01 00:00:25.400,obj001,319.3,148.0,-1851.9
2025-01-01 00:00:25.400,obj002,465.3,128.5,-2761.2
2025-01-01 00:00:25.400,obj003,852.0,122.4,-2413.4
2025-01-01 00:00:25.400,obj004,904.0,111.3,-1948.3
2025-01-01 00:00:25.600,obj001,298.6,131.5,-1873.8
2025-01-01 00:00:25.600,obj002,451.5,127.4,-2788.3
2025-01-01 00:00:25.600,obj003,890.1,131.9,-2409.6
2025-01-01 00:00:25.600,obj004,873.9,122.3,-1960.4
2025-01-01 00:00:25.800,obj001,278.4,115.5,-1896.7
2025-01-01 00:00:25.800,obj002,437.6,126.7,-2815.3
2025-01-01 00:00:25.800,obj003,928.1,141.6,-2405.9
2025-01-01 00:00:25.800,obj004,843.4,132.6,-1971.8
2025-01-01 00:00:26.000,obj001,256.7,100.0,-1918.5
2025-01-01 00:00:26.000,obj002,423.1,126.8,-2842.0
2025-01-01 00:00:26.000,obj003,966.0,151.6,-2401.3
2025-01-01 00:00:26.000,obj004,813.1,143.6,-1983.5
2025-01-01 00:00:26.200,obj001,235.0,89.5,-1939.9
2025-01-01 00:00:26.200,obj002,408.8,126.6,-2868.8
2025-01-01 00:00:26.200,obj003,1003.8,161.7,-2396.2
2025-01-01 00:00:26.200,obj004,782.7,154.7,-1994.6
2025-01-01 00:00:26.400,obj001,213.5,106.2,-1960.9
2025-01-01 00:00:26.400,obj002,393.9,126.5,-2879.0
2025-01-01 00:00:26.400,obj003,1041.5,172.3,-2392.1
2025-01-01 00:00:26.400,obj004,752.2,166.1,-2005.0
2025-01-01 00:00:26.600,obj001,206.0,123.5,-1981.6
2025-01-01 00:00:26.600,obj002,378.9,126.0,-2852.6
2025-01-01 00:00:26.600,obj003,1079.3,182.8,-2388.1
2025-01-01 00:00:26.600,obj004,721.3,177.4,-2014.2
2025-01-01 00:00:26.800,obj001,227.4,140.6,-2002.4
2025-01-01 00:00:26.800,obj002,364.2,126.4,-2826.0
2025-01-01 00:00:26.800,obj003,1117.1,193.8,-2385.5
2025-01-01 00:00:26.800,obj004,690.4,188.6,-2023.9
2025-01-01 00:00:27.000,obj001,248.6,157.9,-2023.3
2025-01-01 00:00:27.000,obj002,348.9,126.6,-2799.7
2025-01-01 00:00:27.000,obj003,1154.8,200.0,-2383.8
2025-01-01 00:00:27.000,obj004,659.4,199.5,-2033.4
2025-01-01 00:00:27.200,obj001,270.4,175.8,-2043.1
2025-01-01 00:00:27.200,obj002,333.8,126.3,-2773.3
2025-01-01 00:00:27.200,obj003,1192.6,188.9,-2381.6
2025-01-01 00:00:27.200,obj004,628.9,200.0,-2043.9
2025-01-01 00:00:27.400,obj001,292.1,193.0,-2063.4
2025-01-01 00:00:27.400,obj002,319.3,126.6,-2746.7
2025-01-01 00:00:27.400,obj003,1230.0,176.7,-2380.2
2025-01-01 00:00:27.400,obj004,598.3,189.0,-2054.6
2025-01-01 00:00:27.600,obj001,314.1,200.0,-2083.9
2025-01-01 00:00:27.600,obj002,304.7,126.9,-2720.0
2025-01-01 00:00:27.600,obj003,1267.6,164.9,-2378.0
2025-01-01 00:00:27.600,obj004,567.7,178.2,-2065.2
2025-01-01 00:00:27.800,obj001,336.6,183.3,-2103.9
2025-01-01 00:00:27.800,obj002,289.5,127.0,-2693.7
2025-01-01 00:00:27.800,obj003,1305.4,154.1,-2375.4
2025-01-01 00:00:27.800,obj004,536.8,166.8,-2074.5
2025-01-01 00:00:28.000,obj001,359.0,166.2,-2123.6
2025-01-01 00:00:28.000,obj002,274.6,127.7,-2667.2
2025-01-01 00:00:28.000,obj003,1343.0,142.5,-2373.7
2025-01-01 00:00:28.000,obj004,505.6,156.1,-2083.8
2025-01-01 00:00:28.200,obj001,381.9,149.5,-2143.2
2025-01-01 00:00:28.200,obj002,260.6,128.7,-2640.3
2025-01-01 00:00:28.200,obj003,1380.9,131.6,-2373.2
2025-01-01 00:00:28.200,obj004,474.4,145.2,-2092.7
2025-01-01 00:00:28.400,obj001,404.7,133.3,-2163.2
2025-01-01 00:00:28.400,obj002,246.5,130.2,-2613.5
2025-01-01 00:00:28.400,obj003,1418.6,120.0,-2374.0
2025-01-01 00:00:28.400,obj004,443.5,133.4,-2101.3
2025-01-01 00:00:28.600,obj001,428.0,117.2,-2182.8
2025-01-01 00:00:28.600,obj002,230.9,131.2,-2587.4
2025-01-01 00:00:28.600,obj003,1456.5,109.1,-2374.8
2025-01-01 00:00:28.600,obj004,412.8,121.2,-2110.1
2025-01-01 00:00:28.800,obj001,451.6,100.6,-2201.6
2025-01-01 00:00:28.800,obj002,215.1,132.0,-2561.4
2025-01-01 00:00:28.800,obj003,1494.5,98.5,-2376.4
2025-01-01 00:00:28.800,obj004,382.3,110.0,-2120.9
2025-01-01 00:00:29.000,obj001,475.0,89.5,-2220.6
2025-01-01 00:00:29.000,obj002,206.0,132.8,-2535.0
2025-01-01 00:00:29.000,obj003,1532.2,89.5,-2378.0
2025-01-01 00:00:29.000,obj004,352.0,98.7,-2132.3
2025-01-01 00:00:29.200,obj001,498.4,105.4,-2240.3
2025-01-01 00:00:29.200,obj002,219.9,133.5,-2508.0
2025-01-01 00:00:29.200,obj003,1554.0,100.6,-2380.8
2025-01-01 00:00:29.200,obj004,322.0,89.5,-2144.1
2025-01-01 00:00:29.400,obj001,521.6,121.6,-2259.9
2025-01-01 00:00:29.400,obj002,234.0,134.2,-2481.1
2025-01-01 00:00:29.400,obj003,1516.2,111.4,-2383.9
2025-01-01 00:00:29.400,obj004,291.7,100.8,-2155.4
2025-01-01 00:00:29.600,obj001,545.7,137.1,-2278.9
2025-01-01 00:00:29.600,obj002,248.5,134.9,-2454.4
2025-01-01 00:00:29.600,obj003,1478.4,122.4,-2386.4
2025-01-01 00:00:29.600,obj004,261.9,113.0,-2166.8
2025-01-01 00:00:29.800,obj001,569.4,153.3,-2297.8
2025-01-01 00:00:29.800,obj002,262.9,135.9,-2427.7
2025-01-01 00:00:29.800,obj003,1440.6,133.5,-2388.1
2025-01-01 00:00:29.800,obj004,231.7,125.1,-2177.5
2025-01-01 00:00:30.000,obj001,593.6,169.6,-2316.2
2025-01-01 00:00:30.000,obj002,277.2,137.4,-2400.9
2025-01-01 00:00:30.000,obj003,1402.6,143.9,-2390.2
2025-01-01 00:00:30.000,obj004,206.0,138.1,-2187.8
2025-01-01 00:00:30.200,obj001,617.6,186.1,-2334.5
2025-01-01 00:00:30.200,obj002,291.5,137.5,-2374.1
2025-01-01 00:00:30.200,obj003,1364.1,152.2,-2392.0
2025-01-01 00:00:30.200,obj004,236.5,150.6,-2197.1
2025-01-01 00:00:30.400,obj001,641.1,200.0,-2352.9
2025-01-01 00:00:30.400,obj002,305.8,137.6,-2347.3
2025-01-01 00:00:30.400,obj003,1325.5,160.0,-2393.8
2025-01-01 00:00:30.400,obj004,266.6,163.6,-2206.6
2025-01-01 00:00:30.600,obj001,665.2,183.1,-2370.8
2025-01-01 00:00:30.600,obj002,319.5,138.0,-2320.2
2025-01-01 00:00:30.600,obj003,1286.8,167.3,-2395.5
2025-01-01 00:00:30.600,obj004,296.3,177.7,-2216.1
2025-01-01 00:00:30.800,obj001,689.3,167.1,-2389.4
2025-01-01 00:00:30.800,obj002,336.7,137.8,-2298.9
2025-01-01 00:00:30.800,obj003,1248.2,175.2,-2396.1
2025-01-01 00:00:30.800,obj004,325.6,192.7,-2225.6
2025-01-01 00:00:31.000,obj001,713.8,151.3,-2407.8
2025-01-01 00:00:31.000,obj002,355.5,138.6,-2275.2
2025-01-01 00:00:31.000,obj003,1209.4,182.4,-2396.7
2025-01-01 00:00:31.000,obj004,354.7,200.0,-2234.4
2025-01-01 00:00:31.200,obj001,737.4,135.8,-2427.5
2025-01-01 00:00:31.200,obj002,373.1,140.4,-2250.7
2025-01-01 00:00:31.200,obj003,1170.4,188.2,-2397.9
2025-01-01 00:00:31.200,obj004,384.0,184.5,-2243.0
2025-01-01 00:00:31.400,obj001,760.7,119.6,-2447.0
2025-01-01 00:00:31.400,obj002,390.8,142.1,-2226.3
2025-01-01 00:00:31.400,obj003,1131.5,194.1,-2399.1
2025-01-01 00:00:31.400,obj004,414.0,170.0,-2250.6
2025-01-01 00:00:31.600,obj001,784.3,102.7,-2465.5
2025-01-01 00:00:31.600,obj002,408.7,144.1,-2202.0
2025-01-01 00:00:31.600,obj003,1092.4,199.4,-2399.6
2025-01-01 00:00:31.600,obj004,443.8,154.8,-2258.1
2025-01-01 00:00:31.800,obj001,807.5,89.5,-2484.3
2025-01-01 00:00:31.800,obj002,426.8,145.1,-2177.9
2025-01-01 00:00:31.800,obj003,1053.3,200.0,-2399.4
2025-01-01 00:00:31.800,obj004,473.5,139.7,-2265.8
2025-01-01 00:00:32.000,obj001,830.9,107.0,-2502.6
2025-01-01 00:00:32.000,obj002,445.0,145.2,-2153.7
2025-01-01 00:00:32.000,obj003,1014.3,194.4,-2399.4
2025-01-01 00:00:32.000,obj004,503.3,124.6,-2273.0
2025-01-01 00:00:32.200,obj001,854.1,124.5,-2521.0
2025-01-01 00:00:32.200,obj002,463.4,145.6,-2129.7
2025-01-01 00:00:32.200,obj003,975.1,190.1,-2399.3
2025-01-01 00:00:32.200,obj004,533.4,109.5,-2279.3
2025-01-01 00:00:32.400,obj001,877.6,141.8,-2539.3
2025-01-01 00:00:32.400,obj002,482.0,145.5,-2105.9
2025-01-01 00:00:32.400,obj003,936.0,185.3,-2398.7
2025-01-01 00:00:32.400,obj004,563.5,94.7,-2286.0
2025-01-01 00:00:32.600,obj001,900.9,159.8,-2557.1
2025-01-01 00:00:32.600,obj002,501.1,145.4,-2082.5
2025-01-01 00:00:32.600,obj003,896.7,181.1,-2398.7
2025-01-01 00:00:32.600,obj004,594.2,89.5,-2292.9
2025-01-01 00:00:32.800,obj001,923.9,177.9,-2575.2
2025-01-01 00:00:32.800,obj002,519.9,146.4,-2058.9
2025-01-01 00:00:32.800,obj003,857.6,176.0,-2399.7
2025-01-01 00:00:32.800,obj004,625.3,102.8,-2298.3
2025-01-01 00:00:33.000,obj001,947.1,195.9,-2593.3
2025-01-01 00:00:33.000,obj002,538.2,148.0,-2034.9
2025-01-01 00:00:33.000,obj003,818.6,170.7,-2399.9
2025-01-01 00:00:33.000,obj004,656.5,115.8,-2303.7
2025-01-01 00:00:33.200,obj001,971.0,200.0,-2610.3
2025-01-01 00:00:33.200,obj002,556.9,149.3,-2011.2
2025-01-01 00:00:33.200,obj003,779.4,166.1,-2399.9
2025-01-01 00:00:33.200,obj004,687.6,129.2,-2308.7
2025-01-01 00:00:33.400,obj001,995.2,182.5,-2627.4
2025-01-01 00:00:33.400,obj002,576.2,150.4,-1988.0
2025-01-01 00:00:33.400,obj003,740.3,161.4,-2399.2
2025-01-01 00:00:33.400,obj004,718.2,143.6,-2314.0
2025-01-01 00:00:33.600,obj001,1019.2,164.3,-2644.1
2025-01-01 00:00:33.600,obj002,595.1,151.4,-1964.5
2025-01-01 00:00:33.600,obj003,701.2,156.3,-2397.4
2025-01-01 00:00:33.600,obj004,748.7,158.1,-2319.3
2025-01-01 00:00:33.800,obj001,1043.7,146.0,-2659.9
2025-01-01 00:00:33.800,obj002,613.3,152.1,-1940.3
2025-01-01 00:00:33.800,obj003,662.2,150.9,-2395.0
2025-01-01 00:00:33.800,obj004,779.3,172.5,-2324.4
2025-01-01 00:00:34.000,obj001,1068.1,127.8,-2676.0
2025-01-01 00:00:34.000,obj002,631.0,153.3,-1915.9
2025-01-01 00:00:34.000,obj003,623.4,144.8,-2391.9
2025-01-01 00:00:34.000,obj004,809.7,187.2,-2329.8
2025-01-01 00:00:34.200,obj001,1093.0,110.3,-2692.0
2025-01-01 00:00:34.200,obj002,648.6,154.1,-1891.3
2025-01-01 00:00:34.200,obj003,584.6,138.7,-2388.8
2025-01-01 00:00:34.200,obj004,840.4,200.0,-2336.0
2025-01-01 00:00:34.400,obj001,1117.9,93.0,-2708.3
2025-01-01 00:00:34.400,obj002,666.1,155.4,-1866.7
2025-01-01 00:00:34.400,obj003,545.6,133.3,-2386.8
2025-01-01 00:00:34.400,obj004,871.6,187.2,-2342.1
2025-01-01 00:00:34.600,obj001,1142.8,89.5,-2724.1
2025-01-01 00:00:34.600,obj002,683.9,157.1,-1842.3
2025-01-01 00:00:34.600,obj003,506.5,128.7,-2383.8
2025-01-01 00:00:34.600,obj004,902.7,174.7,-2348.9
2025-01-01 00:00:34.800,obj001,1167.8,107.2,-2739.9
2025-01-01 00:00:34.800,obj002,701.3,158.5,-1817.7
2025-01-01 00:00:34.800,obj003,467.3,125.0,-2381.5
2025-01-01 00:00:34.800,obj004,933.4,161.1,-2355.4
2025-01-01 00:00:35.000,obj001,1192.8,124.0,-2756.5
2025-01-01 00:00:35.000,obj002,718.5,159.5,-1792.8
2025-01-01 00:00:35.000,obj003,428.3,119.9,-2378.4
2025-01-01 00:00:35.000,obj004,963.9,147.4,-2362.5
2025-01-01 00:00:35.200,obj001,1217.8,140.3,-2773.6
2025-01-01 00:00:35.200,obj002,735.4,160.1,-1767.8
2025-01-01 00:00:35.200,obj003,389.3,115.4,-2374.9
2025-01-01 00:00:35.200,obj004,994.4,133.3,-2369.4
2025-01-01 00:00:35.400,obj001,1242.6,157.4,-2790.3
2025-01-01 00:00:35.400,obj002,752.2,159.6,-1742.7
2025-01-01 00:00:35.400,obj003,350.4,110.9,-2370.8
2025-01-01 00:00:35.400,obj004,1024.7,119.4,-2377.0
2025-01-01 00:00:35.600,obj001,1267.5,175.3,-2805.9
2025-01-01 00:00:35.600,obj002,769.9,159.1,-1718.2
2025-01-01 00:00:35.600,obj003,311.4,106.1,-2367.5
2025-01-01 00:00:35.600,obj004,1054.9,105.9,-2385.6
2025-01-01 00:00:35.800,obj001,1291.8,192.8,-2823.0
2025-01-01 00:00:35.800,obj002,787.2,158.9,-1693.4
2025-01-01 00:00:35.800,obj003,272.3,102.0,-2363.6
2025-01-01 00:00:35.800,obj004,1084.8,93.0,-2396.1
2025-01-01 00:00:36.000,obj001,1315.2,200.0,-2839.9
2025-01-01 00:00:36.000,obj002,804.6,158.8,-1668.7
2025-01-01 00:00:36.000,obj003,233.4,97.6,-2358.9
2025-01-01 00:00:36.000,obj004,1115.3,89.5,-2405.9
2025-01-01 00:00:36.200,obj001,1338.5,181.0,-2856.7
2025-01-01 00:00:36.200,obj002,822.7,158.8,-1644.6
2025-01-01 00:00:36.200,obj003,206.0,92.5,-2354.4
2025-01-01 00:00:36.200,obj004,1146.4,100.8,-2414.8
2025-01-01 00:00:36.400,obj001,1361.1,161.3,-2873.6
2025-01-01 00:00:36.400,obj002,840.3,158.8,-1620.0
2025-01-01 00:00:36.400,obj003,244.7,89.5,-2349.1
2025-01-01 00:00:36.400,obj004,1177.6,111.8,-2423.5
2025-01-01 00:00:36.600,obj001,1383.4,141.7,-2879.0
2025-01-01 00:00:36.600,obj002,857.7,159.3,-1595.3
2025-01-01 00:00:36.600,obj003,283.6,93.7,-2343.9
2025-01-01 00:00:36.600,obj004,1208.9,122.2,-2432.7
2025-01-01 00:00:36.800,obj001,1405.6,120.9,-2863.0
2025-01-01 00:00:36.800,obj002,875.7,158.1,-1571.1
2025-01-01 00:00:36.800,obj003,322.4,98.8,-2338.8
2025-01-01 00:00:36.800,obj004,1239.8,133.5,-2442.1
2025-01-01 00:00:37.000,obj001,1426.9,99.5,-2846.3
2025-01-01 00:00:37.000,obj002,893.0,156.5,-1546.3
2025-01-01 00:00:37.000,obj003,361.1,105.0,-2334.7
2025-01-01 00:00:37.000,obj004,1270.5,145.5,-2451.3
2025-01-01 00:00:37.200,obj001,1449.0,89.5,-2829.8
2025-01-01 00:00:37.200,obj002,911.0,155.8,-1522.0
2025-01-01 00:00:37.200,obj003,399.7,111.8,-2330.7
2025-01-01 00:00:37.200,obj004,1301.2,157.8,-2460.1
2025-01-01 00:00:37.400,obj001,1471.2,108.9,-2812.0
2025-01-01 00:00:37.400,obj002,928.8,155.7,-1497.6
2025-01-01 00:00:37.400,obj003,438.3,118.5,-2325.6
2025-01-01 00:00:37.400,obj004,1331.9,169.6,-2469.6
2025-01-01 00:00:37.600,obj001,1493.2,129.0,-2794.7
2025-01-01 00:00:37.600,obj002,946.7,156.2,-1473.3
2025-01-01 00:00:37.600,obj003,476.7,124.3,-2319.1
2025-01-01 00:00:37.600,obj004,1362.2,182.2,-2479.2
2025-01-01 00:00:37.800,obj001,1515.0,149.1,-2777.3
2025-01-01 00:00:37.800,obj002,965.3,156.3,-1449.5
2025-01-01 00:00:37.800,obj003,515.1,129.5,-2311.9
2025-01-01 00:00:37.800,obj004,1392.5,194.8,-2488.8
2025-01-01 00:00:38.000,obj001,1537.3,168.6,-2759.8
2025-01-01 00:00:38.000,obj002,984.3,156.0,-1426.0
2025-01-01 00:00:38.000,obj003,553.6,132.9,-2304.0
2025-01-01 00:00:38.000,obj004,1423.2,200.0,-2497.4
2025-01-01 00:00:38.200,obj001,1554.0,187.5,-2742.5
2025-01-01 00:00:38.200,obj002,1003.2,155.1,-1402.4
2025-01-01 00:00:38.200,obj003,592.1,135.4,-2295.9
2025-01-01 00:00:38.200,obj004,1453.9,188.4,-2507.3
2025-01-01 00:00:38.400,obj001,1531.6,200.0,-2724.8
2025-01-01 00:00:38.400,obj002,1021.6,154.1,-1378.5
2025-01-01 00:00:38.400,obj003,630.9,137.1,-2289.1
2025-01-01 00:00:38.400,obj004,1484.0,180.8,-2512.0
2025-01-01 00:00:38.600,obj001,1509.9,179.9,-2707.2
2025-01-01 00:00:38.600,obj002,1040.0,152.7,-1354.5
2025-01-01 00:00:38.600,obj003,669.8,138.5,-2282.4
2025-01-01 00:00:38.600,obj004,1516.2,172.9,-2516.3
2025-01-01 00:00:38.800,obj001,1496.4,159.7,-2687.1
2025-01-01 00:00:38.800,obj002,1059.0,151.7,-1331.1
2025-01-01 00:00:38.800,obj003,699.2,143.9,-2284.3
2025-01-01 00:00:38.800,obj004,1548.2,165.1,-2521.6
2025-01-01 00:00:39.000,obj001,1480.2,138.1,-2664.0
2025-01-01 00:00:39.000,obj002,1078.2,150.9,-1307.8
2025-01-01 00:00:39.000,obj003,736.4,149.2,-2286.9
2025-01-01 00:00:39.000,obj004,1554.0,157.0,-2526.5
2025-01-01 00:00:39.200,obj001,1464.5,116.8,-2640.4
2025-01-01 00:00:39.200,obj002,1097.6,150.0,-1284.6
2025-01-01 00:00:39.200,obj003,773.6,154.1,-2290.0
2025-01-01 00:00:39.200,obj004,1521.9,149.2,-2531.3
2025-01-01 00:00:39.400,obj001,1448.9,95.2,-2617.0
2025-01-01 00:00:39.400,obj002,1116.7,148.2,-1261.2
2025-01-01 00:00:39.400,obj003,810.7,159.1,-2294.0
2025-01-01 00:00:39.400,obj004,1489.9,141.1,-2536.2
2025-01-01 00:00:39.600,obj001,1432.9,89.5,-2593.1
2025-01-01 00:00:39.600,obj002,1136.3,146.6,-1258.0
2025-01-01 00:00:39.600,obj003,847.9,163.6,-2298.4
2025-01-01 00:00:39.600,obj004,1457.8,133.2,-2540.0
2025-01-01 00:00:39.800,obj001,1417.1,110.5,-2569.3
2025-01-01 00:00:39.800,obj002,1155.6,145.2,-1281.3
2025-01-01 00:00:39.800,obj003,885.1,167.6,-2302.2
2025-01-01 00:00:39.800,obj004,1425.4,126.7,-2544.4
2025-01-01 00:00:40.000,obj001,1400.3,131.0,-2545.7
2025-01-01 00:00:40.000,obj002,1174.8,143.9,-1304.5
2025-01-01 00:00:40.000,obj003,922.1,173.5,-2306.2
2025-01-01 00:00:40.000,obj004,1392.9,120.4,-2548.7
2025-01-01 00:00:40.200,obj001,1383.7,151.9,-2522.3
2025-01-01 00:00:40.200,obj002,1194.6,142.0,-1327.3
2025-01-01 00:00:40.200,obj003,959.1,179.8,-2310.3
2025-01-01 00:00:40.200,obj004,1360.2,115.1,-2553.0
2025-01-01 00:00:40.400,obj001,1367.3,173.3,-2499.2
2025-01-01 00:00:40.400,obj002,1213.8,140.1,-1350.5
2025-01-01 00:00:40.400,obj003,996.1,185.8,-2314.1
2025-01-01 00:00:40.400,obj004,1327.4,109.9,-2555.4
2025-01-01 00:00:40.600,obj001,1350.4,194.7,-2476.5
2025-01-01 00:00:40.600,obj002,1232.5,138.3,-1374.2
2025-01-01 00:00:40.600,obj003,1033.0,192.1,-2318.3
2025-01-01 00:00:40.600,obj004,1294.5,105.0,-2558.7
2025-01-01 00:00:40.800,obj001,1333.4,200.0,-2454.1
2025-01-01 00:00:40.800,obj002,1251.1,136.5,-1398.0
2025-01-01 00:00:40.800,obj003,1069.9,197.9,-2322.7
2025-01-01 00:00:40.800,obj004,1261.9,99.2,-2562.1
2025-01-01 00:00:41.000,obj001,1315.7,178.8,-2431.7
2025-01-01 00:00:41.000,obj002,1269.2,135.4,-1422.1
2025-01-01 00:00:41.000,obj003,1106.8,200.0,-2327.9
2025-01-01 00:00:41.000,obj004,1229.2,93.1,-2565.0
2025-01-01 00:00:41.200,obj001,1298.4,157.4,-2409.4
2025-01-01 00:00:41.200,obj002,1287.7,134.4,-1446.0
2025-01-01 00:00:41.200,obj003,1143.7,194.5,-2333.3
2025-01-01 00:00:41.200,obj004,1196.6,89.5,-2568.5
2025-01-01 00:00:41.400,obj001,1280.7,136.6,-2386.8
2025-01-01 00:00:41.400,obj002,1306.5,134.9,-1469.6
2025-01-01 00:00:41.400,obj003,1180.5,188.7,-2338.8
2025-01-01 00:00:41.400,obj004,1164.1,96.5,-2570.9
2025-01-01 00:00:41.600,obj001,1261.7,116.5,-2364.5
2025-01-01 00:00:41.600,obj002,1325.3,135.5,-1493.3
2025-01-01 00:00:41.600,obj003,1217.5,183.2,-2343.8
2025-01-01 00:00:41.600,obj004,1131.4,102.8,-2573.2
2025-01-01 00:00:41.800,obj001,1243.0,96.2,-2342.2
2025-01-01 00:00:41.800,obj002,1343.6,136.0,-1517.3
2025-01-01 00:00:41.800,obj003,1254.3,177.7,-2349.4
2025-01-01 00:00:41.800,obj004,1098.9,109.9,-2575.9
2025-01-01 00:00:42.000,obj001,1223.8,89.5,-2320.4
2025-01-01 00:00:42.000,obj002,1361.7,136.3,-1541.6
2025-01-01 00:00:42.000,obj003,1291.0,170.6,-2354.5
2025-01-01 00:00:42.000,obj004,1066.6,118.0,-2578.4
2025-01-01 00:00:42.200,obj001,1204.4,110.3,-2299.2
2025-01-01 00:00:42.200,obj002,1380.2,135.2,-1565.4
2025-01-01 00:00:42.200,obj003,1327.7,163.4,-2358.9
2025-01-01 00:00:42.200,obj004,1034.0,124.8,-2580.2
2025-01-01 00:00:42.400,obj001,1185.6,131.5,-2277.8
2025-01-01 00:00:42.400,obj002,1398.8,134.4,-1589.2
2025-01-01 00:00:42.400,obj003,1364.3,156.8,-2364.5
2025-01-01 00:00:42.400,obj004,1001.2,130.5,-2582.0
2025-01-01 00:00:42.600,obj001,1166.9,152.1,-2255.8
2025-01-01 00:00:42.600,obj002,1416.7,133.2,-1613.5
2025-01-01 00:00:42.600,obj003,1401.0,150.3,-2370.2
2025-01-01 00:00:42.600,obj004,968.3,135.4,-2584.5
2025-01-01 00:00:42.800,obj001,1147.1,170.4,-2232.8
2025-01-01 00:00:42.800,obj002,1434.0,131.2,-1638.2
2025-01-01 00:00:42.800,obj003,1437.7,143.6,-2375.8
2025-01-01 00:00:42.800,obj004,935.4,140.1,-2586.5
2025-01-01 00:00:43.000,obj001,1127.9,189.4,-2209.8
2025-01-01 00:00:43.000,obj002,1451.0,129.0,-1663.1
2025-01-01 00:00:43.000,obj003,1474.0,136.5,-2382.9
2025-01-01 00:00:43.000,obj004,902.5,144.8,-2589.7
2025-01-01 00:00:43.200,obj001,1108.5,200.0,-2187.1
2025-01-01 00:00:43.200,obj002,1468.3,127.2,-1687.8
2025-01-01 00:00:43.200,obj003,1510.1,129.2,-2390.5
2025-01-01 00:00:43.200,obj004,869.5,148.7,-2593.0
2025-01-01 00:00:43.400,obj001,1089.9,179.6,-2164.8
2025-01-01 00:00:43.400,obj002,1485.6,124.4,-1712.4
2025-01-01 00:00:43.400,obj003,1546.1,122.7,-2399.8
2025-01-01 00:00:43.400,obj004,836.6,153.0,-2596.3
2025-01-01 00:00:43.600,obj001,1076.7,166.9,-2139.8
2025-01-01 00:00:43.600,obj002,1502.4,120.9,-1737.3
2025-01-01 00:00:43.600,obj003,1554.0,115.5,-2408.6
2025-01-01 00:00:43.600,obj004,803.7,157.3,-2599.9
2025-01-01 00:00:43.800,obj001,1061.4,152.5,-2110.5
2025-01-01 00:00:43.800,obj002,1519.8,118.3,-1761.9
2025-01-01 00:00:43.800,obj003,1518.4,106.9,-2417.3
2025-01-01 00:00:43.800,obj004,771.3,163.3,-2604.6
2025-01-01 00:00:44.000,obj001,1045.8,137.9,-2081.4
2025-01-01 00:00:44.000,obj002,1537.6,115.2,-1786.1
2025-01-01 00:00:44.000,obj003,1482.7,98.1,-2425.6
2025-01-01 00:00:44.000,obj004,738.8,168.4,-2610.0
2025-01-01 00:00:44.200,obj001,1030.5,123.7,-2051.9
2025-01-01 00:00:44.200,obj002,1554.0,111.8,-1810.5
2025-01-01 00:00:44.200,obj003,1447.1,89.7,-2434.6
2025-01-01 00:00:44.200,obj004,706.4,173.5,-2616.1
2025-01-01 00:00:44.400,obj001,1015.7,108.6,-2022.7
2025-01-01 00:00:44.400,obj002,1536.9,108.3,-1835.2
2025-01-01 00:00:44.400,obj003,1410.9,89.5,-2442.0
2025-01-01 00:00:44.400,obj004,673.8,178.1,-2621.9
2025-01-01 00:00:44.600,obj001,1000.8,93.4,-1993.5
2025-01-01 00:00:44.600,obj002,1519.1,103.6,-1859.1
2025-01-01 00:00:44.600,obj003,1374.6,95.9,-2449.9
2025-01-01 00:00:44.600,obj004,641.5,181.8,-2629.3
2025-01-01 00:00:44.800,obj001,986.6,89.5,-1964.5
2025-01-01 00:00:44.800,obj002,1500.5,99.2,-1882.5
2025-01-01 00:00:44.800,obj003,1338.6,102.8,-2458.9
2025-01-01 00:00:44.800,obj004,609.4,185.2,-2637.6
2025-01-01 00:00:45.000,obj001,971.7,105.7,-1935.9
2025-01-01 00:00:45.000,obj002,1482.2,94.4,-1906.1
2025-01-01 00:00:45.000,obj003,1302.8,110.8,-2467.3
2025-01-01 00:00:45.000,obj004,577.3,188.4,-2646.0
2025-01-01 00:00:45.200,obj001,957.3,121.3,-1906.7
2025-01-01 00:00:45.200,obj002,1464.2,90.2,-1930.0
2025-01-01 00:00:45.200,obj003,1267.1,119.2,-2475.8
2025-01-01 00:00:45.200,obj004,544.8,190.6,-2653.5
2025-01-01 00:00:45.400,obj001,943.1,135.3,-1876.6
2025-01-01 00:00:45.400,obj002,1445.8,89.5,-1953.8
2025-01-01 00:00:45.400,obj003,1231.5,128.3,-2484.0
2025-01-01 00:00:45.400,obj004,512.4,192.5,-2661.0
2025-01-01 00:00:45.600,obj001,929.1,149.1,-1846.3
2025-01-01 00:00:45.600,obj002,1427.0,93.7,-1977.0
2025-01-01 00:00:45.600,obj003,1200.8,137.9,-2486.4
2025-01-01 00:00:45.600,obj004,479.9,193.8,-2668.3
2025-01-01 00:00:45.800,obj001,915.6,162.1,-1815.4
2025-01-01 00:00:45.800,obj002,1408.1,98.7,-2000.0
2025-01-01 00:00:45.800,obj003,1168.3,149.0,-2489.2
2025-01-01 00:00:45.800,obj004,447.5,195.1,-2676.1
2025-01-01 00:00:46.000,obj001,902.2,174.1,-1784.1
2025-01-01 00:00:46.000,obj002,1389.9,103.6,-2023.7
2025-01-01 00:00:46.000,obj003,1135.8,160.0,-2492.9
2025-01-01 00:00:46.000,obj004,414.9,196.3,-2683.0
2025-01-01 00:00:46.200,obj001,889.0,185.9,-1752.7
2025-01-01 00:00:46.200,obj002,1371.3,108.2,-2047.0
2025-01-01 00:00:46.200,obj003,1103.1,170.6,-2495.2
2025-01-01 00:00:46.200,obj004,382.3,197.6,-2689.9
2025-01-01 00:00:46.400,obj001,876.4,197.2,-1720.8
2025-01-01 00:00:46.400,obj002,1352.6,113.2,-2070.2
2025-01-01 00:00:46.400,obj003,1070.5,181.6,-2497.3
2025-01-01 00:00:46.400,obj004,349.6,198.3,-2696.8
2025-01-01 00:00:46.600,obj001,862.9,200.0,-1689.4
2025-01-01 00:00:46.600,obj002,1334.2,118.1,-2093.7
2025-01-01 00:00:46.600,obj003,1037.7,191.9,-2499.4
2025-01-01 00:00:46.600,obj004,317.0,198.2,-2703.7
2025-01-01 00:00:46.800,obj001,848.8,188.5,-1658.2
2025-01-01 00:00:46.800,obj002,1315.4,122.8,-2116.9
2025-01-01 00:00:46.800,obj003,1004.8,200.0,-2501.2
2025-01-01 00:00:46.800,obj004,284.7,198.4,-2711.9
2025-01-01 00:00:47.000,obj001,833.6,178.0,-1627.2
2025-01-01 00:00:47.000,obj002,1296.1,126.9,-2139.8
2025-01-01 00:00:47.000,obj003,971.7,190.7,-2503.0
2025-01-01 00:00:47.000,obj004,252.3,197.6,-2719.7
2025-01-01 00:00:47.200,obj001,819.1,166.8,-1596.1
2025-01-01 00:00:47.200,obj002,1276.7,130.1,-2162.8
2025-01-01 00:00:47.200,obj003,939.1,179.6,-2505.2
2025-01-01 00:00:47.200,obj004,219.8,196.7,-2727.1
2025-01-01 00:00:47.400,obj001,804.2,154.7,-1565.5
2025-01-01 00:00:47.400,obj002,1257.5,132.9,-2185.9
2025-01-01 00:00:47.400,obj003,906.4,168.8,-2506.7
2025-01-01 00:00:47.400,obj004,206.0,196.5,-2734.9
2025-01-01 00:00:47.600,obj001,789.3,143.7,-1534.5
2025-01-01 00:00:47.600,obj002,1238.7,134.3,-2209.5
2025-01-01 00:00:47.600,obj003,873.8,157.8,-2508.9
2025-01-01 00:00:47.600,obj004,238.7,196.5,-2741.5
2025-01-01 00:00:47.800,obj001,774.1,132.4,-1503.8
2025-01-01 00:00:47.800,obj002,1219.4,136.5,-2232.6
2025-01-01 00:00:47.800,obj003,841.4,146.2,-2510.0
2025-01-01 00:00:47.800,obj004,271.3,195.3,-2748.4
2025-01-01 00:00:48.000,obj001,758.9,121.0,-1473.1
2025-01-01 00:00:48.000,obj002,1207.8,135.1,-2253.3
2025-01-01 00:00:48.000,obj003,809.2,134.0,-2511.4
2025-01-01 00:00:48.000,obj004,304.0,193.9,-2754.7
2025-01-01 00:00:48.200,obj001,743.4,110.4,-1442.3
2025-01-01 00:00:48.200,obj002,1191.0,131.1,-2284.9
2025-01-01 00:00:48.200,obj003,777.1,121.5,-2513.2
2025-01-01 00:00:48.200,obj004,336.9,192.5,-2760.4
2025-01-01 00:00:48.400,obj001,727.4,100.0,-1411.6
2025-01-01 00:00:48.400,obj002,1174.3,125.7,-2316.2
2025-01-01 00:00:48.400,obj003,745.0,109.2,-2514.8
2025-01-01 00:00:48.400,obj004,369.7,190.9,-2765.9
2025-01-01 00:00:48.600,obj001,712.5,90.0,-1380.3
2025-01-01 00:00:48.600,obj002,1157.1,120.4,-2347.4
2025-01-01 00:00:48.600,obj003,712.6,97.6,-2516.5
2025-01-01 00:00:48.600,obj004,402.7,189.9,-2770.6
2025-01-01 00:00:48.800,obj001,698.5,89.5,-1348.7
2025-01-01 00:00:48.800,obj002,1139.6,116.3,-2378.5
2025-01-01 00:00:48.800,obj003,680.1,89.5,-2517.6
2025-01-01 00:00:48.800,obj004,435.7,190.1,-2775.8
2025-01-01 00:00:49.000,obj001,684.9,99.4,-1316.8
2025-01-01 00:00:49.000,obj002,1122.3,112.5,-2409.8
2025-01-01 00:00:49.000,obj003,647.7,101.3,-2517.9
2025-01-01 00:00:49.000,obj004,468.6,190.2,-2781.3
2025-01-01 00:00:49.200,obj001,671.3,110.2,-1285.1
2025-01-01 00:00:49.200,obj002,1105.0,108.7,-2441.1
2025-01-01 00:00:49.200,obj003,615.2,112.7,-2518.5
2025-01-01 00:00:49.200,obj004,501.3,191.1,-2787.5
2025-01-01 00:00:49.400,obj001,657.2,121.1,-1258.0
2025-01-01 00:00:49.400,obj002,1087.2,104.8,-2472.1
2025-01-01 00:00:49.400,obj003,582.5,123.5,-2517.4
2025-01-01 00:00:49.400,obj004,533.8,192.3,-2794.9
2025-01-01 00:00:49.600,obj001,643.5,133.1,-1289.1
2025-01-01 00:00:49.600,obj002,1069.6,100.7,-2503.2
2025-01-01 00:00:49.600,obj003,549.8,134.5,-2517.2
2025-01-01 00:00:49.600,obj004,566.1,193.6,-2803.3
2025-01-01 00:00:49.800,obj001,630.1,144.2,-1320.8
2025-01-01 00:00:49.800,obj002,1051.8,95.9,-2534.1
2025-01-01 00:00:49.800,obj003,516.8,144.1,-2517.4
2025-01-01 00:00:49.800,obj004,598.5,195.8,-2810.9
2025-01-01 00:00:50.000,obj001,616.1,155.8,-1352.0
2025-01-01 00:00:50.000,obj002,1034.2,91.1,-2565.0
2025-01-01 00:00:50.000,obj003,483.9,154.4,-2516.6
2025-01-01 00:00:50.000,obj004,630.9,198.8,-2818.0
2025-01-01 00:00:50.200,obj001,602.0,167.6,-1383.1
2025-01-01 00:00:50.200,obj002,1016.6,89.5,-2596.3
2025-01-01 00:00:50.200,obj003,451.2,165.2,-2515.0
2025-01-01 00:00:50.200,obj004,663.6,200.0,-2824.4
2025-01-01 00:00:50.400,obj001,587.6,178.1,-1414.5
2025-01-01 00:00:50.400,obj002,997.9,92.3,-2626.9
2025-01-01 00:00:50.400,obj003,418.5,176.1,-2513.7
2025-01-01 00:00:50.400,obj004,696.3,197.9,-2830.8
2025-01-01 00:00:50.600,obj001,572.5,187.8,-1434.2
2025-01-01 00:00:50.600,obj002,979.8,95.1,-2657.8
2025-01-01 00:00:50.600,obj003,385.8,186.9,-2512.7
2025-01-01 00:00:50.600,obj004,728.9,195.3,-2837.2
2025-01-01 00:00:50.800,obj001,553.1,199.1,-1458.9
2025-01-01 00:00:50.800,obj002,961.7,96.5,-2688.9
2025-01-01 00:00:50.800,obj003,353.1,197.5,-2511.1
2025-01-01 00:00:50.800,obj004,761.5,192.0,-2843.7
2025-01-01 00:00:51.000,obj001,533.5,200.0,-1483.7
2025-01-01 00:00:51.000,obj002,944.0,100.2,-2719.9
2025-01-01 00:00:51.000,obj003,320.5,200.0,-2509.5
2025-01-01 00:00:51.000,obj004,793.9,189.5,-2851.2
2025-01-01 00:00:51.200,obj001,514.0,189.4,-1508.6
2025-01-01 00:00:51.200,obj002,925.9,104.5,-2750.7
2025-01-01 00:00:51.200,obj003,288.0,188.9,-2507.7
2025-01-01 00:00:51.200,obj004,826.3,185.8,-2858.2
2025-01-01 00:00:51.400,obj001,494.9,178.7,-1533.8
2025-01-01 00:00:51.400,obj002,908.6,108.4,-2782.0
2025-01-01 00:00:51.400,obj003,255.7,176.8,-2506.3
2025-01-01 00:00:51.400,obj004,858.8,182.1,-2864.6
2025-01-01 00:00:51.600,obj001,475.5,167.4,-1558.5
2025-01-01 00:00:51.600,obj002,891.1,111.2,-2813.3
2025-01-01 00:00:51.600,obj003,223.6,164.3,-2504.4
2025-01-01 00:00:51.600,obj004,891.3,178.9,-2871.4
2025-01-01 00:00:51.800,obj001,456.6,156.7,-1583.9
2025-01-01 00:00:51.800,obj002,872.9,114.3,-2844.2
2025-01-01 00:00:51.800,obj003,206.0,151.5,-2502.6
2025-01-01 00:00:51.800,obj004,923.8,175.2,-2878.0
2025-01-01 00:00:52.000,obj001,437.6,146.5,-1609.3
2025-01-01 00:00:52.000,obj002,854.7,118.6,-2874.9
2025-01-01 00:00:52.000,obj003,237.5,137.7,-2500.0
2025-01-01 00:00:52.000,obj004,956.2,171.8,-2879.0
2025-01-01 00:00:52.200,obj001,418.8,136.7,-1635.1
2025-01-01 00:00:52.200,obj002,836.9,122.8,-2879.0
2025-01-01 00:00:52.200,obj003,269.2,124.4,-2498.3
2025-01-01 00:00:52.200,obj004,988.7,168.8,-2872.2
2025-01-01 00:00:52.400,obj001,400.1,126.8,-1660.9
2025-01-01 00:00:52.400,obj002,818.8,127.2,-2848.3
2025-01-01 00:00:52.400,obj003,300.7,110.4,-2496.8
2025-01-01 00:00:52.400,obj004,1021.1,165.9,-2864.5
2025-01-01 00:00:52.600,obj001,381.6,115.4,-1686.2
2025-01-01 00:00:52.600,obj002,799.9,131.4,-2817.9
2025-01-01 00:00:52.600,obj003,332.0,96.0,-2495.6
2025-01-01 00:00:52.600,obj004,1053.2,161.5,-2856.8
2025-01-01 00:00:52.800,obj001,363.2,103.9,-1711.6
2025-01-01 00:00:52.800,obj002,781.3,134.8,-2787.3
2025-01-01 00:00:52.800,obj003,363.3,89.5,-2493.8
2025-01-01 00:00:52.800,obj004,1085.4,157.8,-2848.9
2025-01-01 00:00:53.000,obj001,344.8,92.3,-1736.9
2025-01-01 00:00:53.000,obj002,762.6,137.2,-2756.7
2025-01-01 00:00:53.000,obj003,394.4,104.2,-2492.5
2025-01-01 00:00:53.000,obj004,1117.6,153.4,-2841.3
2025-01-01 00:00:53.200,obj001,326.5,89.5,-1762.4
2025-01-01 00:00:53.200,obj002,743.9,139.6,-2726.1
2025-01-01 00:00:53.200,obj003,425.3,119.2,-2490.6
2025-01-01 00:00:53.200,obj004,1149.7,149.4,-2833.4
2025-01-01 00:00:53.400,obj001,309.3,102.2,-1788.0
2025-01-01 00:00:53.400,obj002,725.2,141.5,-2695.4
2025-01-01 00:00:53.400,obj003,456.1,134.5,-2488.3
2025-01-01 00:00:53.400,obj004,1181.6,145.5,-2824.4
2025-01-01 00:00:53.600,obj001,292.2,114.9,-1813.8
2025-01-01 00:00:53.600,obj002,716.5,141.4,-2679.3
2025-01-01 00:00:53.600,obj003,486.8,150.0,-2486.0
2025-01-01 00:00:53.600,obj004,1213.6,142.2,-2815.6
2025-01-01 00:00:53.800,obj001,274.4,126.9,-1839.3
2025-01-01 00:00:53.800,obj002,701.1,140.8,-2653.1
2025-01-01 00:00:53.800,obj003,517.8,165.0,-2484.8
2025-01-01 00:00:53.800,obj004,1245.3,137.6,-2806.4
2025-01-01 00:00:54.000,obj001,256.4,139.6,-1864.3
2025-01-01 00:00:54.000,obj002,685.4,140.1,-2627.1
2025-01-01 00:00:54.000,obj003,549.3,179.0,-2484.2
2025-01-01 00:00:54.000,obj004,1277.2,132.2,-2798.1
2025-01-01 00:00:54.200,obj001,238.6,153.1,-1889.2
2025-01-01 00:00:54.200,obj002,669.3,140.1,-2601.3
2025-01-01 00:00:54.200,obj003,581.1,192.4,-2483.7
2025-01-01 00:00:54.200,obj004,1308.9,126.0,-2789.8
2025-01-01 00:00:54.400,obj001,221.5,166.4,-1914.5
2025-01-01 00:00:54.400,obj002,652.9,140.9,-2575.8
2025-01-01 00:00:54.400,obj003,612.9,200.0,-2483.2
2025-01-01 00:00:54.400,obj004,1340.3,119.3,-2780.6
2025-01-01 00:00:54.600,obj001,206.0,180.1,-1939.6
2025-01-01 00:00:54.600,obj002,636.6,142.2,-2550.2
2025-01-01 00:00:54.600,obj003,644.6,186.4,-2482.7
2025-01-01 00:00:54.600,obj004,1371.6,112.1,-2771.9
2025-01-01 00:00:54.800,obj001,223.7,193.1,-1964.8
2025-01-01 00:00:54.800,obj002,620.8,142.4,-2524.2
2025-01-01 00:00:54.800,obj003,675.9,172.0,-2482.0
2025-01-01 00:00:54.800,obj004,1402.6,104.8,-2762.0
2025-01-01 00:00:55.000,obj001,241.9,200.0,-1989.2
2025-01-01 00:00:55.000,obj002,604.1,143.7,-2498.9
2025-01-01 00:00:55.000,obj003,707.3,157.8,-2481.7
2025-01-01 00:00:55.000,obj004,1433.7,96.8,-2752.8
2025-01-01 00:00:55.200,obj001,260.3,186.3,-2013.5
2025-01-01 00:00:55.200,obj002,588.4,144.0,-2472.9
2025-01-01 00:00:55.200,obj003,738.7,143.7,-2481.3
2025-01-01 00:00:55.200,obj004,1464.6,89.5,-2743.5
2025-01-01 00:00:55.400,obj001,277.6,172.6,-2038.4
2025-01-01 00:00:55.400,obj002,572.2,144.5,-2447.2
2025-01-01 00:00:55.400,obj003,770.3,129.8,-2482.0
2025-01-01 00:00:55.400,obj004,1495.6,97.7,-2734.4
2025-01-01 00:00:55.600,obj001,295.4,159.8,-2063.7
2025-01-01 00:00:55.600,obj002,556.5,144.0,-2421.1
2025-01-01 00:00:55.600,obj003,802.1,116.6,-2483.0
2025-01-01 00:00:55.600,obj004,1526.3,106.4,-2724.8
2025-01-01 00:00:55.800,obj001,313.4,147.2,-2088.8
2025-01-01 00:00:55.800,obj002,541.0,143.2,-2395.1
2025-01-01 00:00:55.800,obj003,833.7,102.9,-2482.9
2025-01-01 00:00:55.800,obj004,1554.0,114.4,-2715.5
2025-01-01 00:00:56.000,obj001,332.2,134.2,-2113.0
2025-01-01 00:00:56.000,obj002,524.9,142.6,-2369.3
2025-01-01 00:00:56.000,obj003,865.4,89.5,-2483.3
2025-01-01 00:00:56.000,obj004,1523.0,122.3,-2706.0
2025-01-01 00:00:56.200,obj001,351.2,120.9,-2137.1
2025-01-01 00:00:56.200,obj002,508.3,142.2,-2343.9
2025-01-01 00:00:56.200,obj003,897.4,102.3,-2484.3
2025-01-01 00:00:56.200,obj004,1491.7,129.7,-2697.2
2025-01-01 00:00:56.400,obj001,370.2,107.8,-2161.2
2025-01-01 00:00:56.400,obj002,491.5,142.1,-2318.5
2025-01-01 00:00:56.400,obj003,929.2,115.3,-2486.2
2025-01-01 00:00:56.400,obj004,1460.4,137.3,-2688.8
2025-01-01 00:00:56.600,obj001,389.0,94.9,-2185.6
2025-01-01 00:00:56.600,obj002,474.3,142.8,-2293.5
2025-01-01 00:00:56.600,obj003,961.3,127.7,-2488.8
2025-01-01 00:00:56.600,obj004,1429.2,145.3,-2679.8
2025-01-01 00:00:56.800,obj001,408.0,89.5,-2210.0
2025-01-01 00:00:56.800,obj002,456.6,143.7,-2268.8
2025-01-01 00:00:56.800,obj003,992.9,141.3,-2490.3
2025-01-01 00:00:56.800,obj004,1398.3,154.7,-2671.5
2025-01-01 00:00:57.000,obj001,426.5,101.1,-2235.3
2025-01-01 00:00:57.000,obj002,439.7,144.4,-2243.6
2025-01-01 00:00:57.000,obj003,1024.8,154.2,-2491.5
2025-01-01 00:00:57.000,obj004,1367.3,163.6,-2663.1
2025-01-01 00:00:57.200,obj001,445.1,113.3,-2260.1
2025-01-01 00:00:57.200,obj002,422.0,145.0,-2218.9
2025-01-01 00:00:57.200,obj003,1057.0,166.4,-2491.8
2025-01-01 00:00:57.200,obj004,1336.7,173.9,-2654.7
2025-01-01 00:00:57.400,obj001,463.2,125.6,-2285.3
2025-01-01 00:00:57.400,obj002,404.6,145.5,-2194.0
2025-01-01 00:00:57.400,obj003,1089.0,179.1,-2493.8
2025-01-01 00:00:57.400,obj004,1306.4,185.5,-2647.0
2025-01-01 00:00:57.600,obj001,480.7,138.2,-2310.8
2025-01-01 00:00:57.600,obj002,386.9,146.2,-2169.3
2025-01-01 00:00:57.600,obj003,1120.3,193.5,-2494.4
2025-01-01 00:00:57.600,obj004,1276.7,198.3,-2638.8
2025-01-01 00:00:57.800,obj001,497.6,151.3,-2336.5
2025-01-01 00:00:57.800,obj002,368.6,147.9,-2145.2
2025-01-01 00:00:57.800,obj003,1151.8,200.0,-2496.0
2025-01-01 00:00:57.800,obj004,1258.0,200.0,-2637.0
2025-01-01 00:00:58.000,obj001,514.2,163.8,-2362.6
2025-01-01 00:00:58.000,obj002,350.5,148.5,-2120.7
2025-01-01 00:00:58.000,obj003,1183.2,185.8,-2496.5
2025-01-01 00:00:58.000,obj004,1230.2,184.0,-2633.9
2025-01-01 00:00:58.200,obj001,531.1,176.5,-2388.4
2025-01-01 00:00:58.200,obj002,332.3,148.4,-2096.4
2025-01-01 00:00:58.200,obj003,1214.5,171.5,-2497.3
2025-01-01 00:00:58.200,obj004,1202.2,168.3,-2631.3
2025-01-01 00:00:58.400,obj001,547.6,189.1,-2414.5
2025-01-01 00:00:58.400,obj002,314.5,146.9,-2071.8
2025-01-01 00:00:58.400,obj003,1245.9,157.3,-2498.1
2025-01-01 00:00:58.400,obj004,1174.6,152.0,-2628.2
2025-01-01 00:00:58.600,obj001,564.6,200.0,-2440.6
2025-01-01 00:00:58.600,obj002,297.1,143.7,-2047.1
2025-01-01 00:00:58.600,obj003,1277.0,142.4,-2498.6
2025-01-01 00:00:58.600,obj004,1146.8,136.4,-2624.3
2025-01-01 00:00:58.800,obj001,582.6,188.9,-2466.5
2025-01-01 00:00:58.800,obj002,279.8,139.2,-2022.5
2025-01-01 00:00:58.800,obj003,1307.8,129.9,-2506.4
2025-01-01 00:00:58.800,obj004,1118.7,120.9,-2621.7
2025-01-01 00:00:59.000,obj001,600.8,177.6,-2492.0
2025-01-01 00:00:59.000,obj002,261.7,134.6,-1998.6
2025-01-01 00:00:59.000,obj003,1342.5,115.9,-2515.6
2025-01-01 00:00:59.000,obj004,1090.7,105.2,-2619.3
2025-01-01 00:00:59.200,obj001,618.1,165.6,-2518.0
2025-01-01 00:00:59.200,obj002,243.9,128.8,-1974.7
2025-01-01 00:00:59.200,obj003,1377.3,102.0,-2524.2
2025-01-01 00:00:59.200,obj004,1063.1,89.5,-2616.6
2025-01-01 00:00:59.400,obj001,636.4,155.3,-2543.9
2025-01-01 00:00:59.400,obj002,226.6,123.8,-1950.2
2025-01-01 00:00:59.400,obj003,1411.7,89.5,-2534.0
2025-01-01 00:00:59.400,obj004,1035.7,106.3,-2614.1
2025-01-01 00:00:59.600,obj001,655.4,145.7,-2569.6
2025-01-01 00:00:59.600,obj002,208.9,118.7,-1926.1
2025-01-01 00:00:59.600,obj003,1445.7,103.2,-2545.7
2025-01-01 00:00:59.600,obj004,1007.7,121.9,-2611.2
2025-01-01 00:00:59.800,obj001,674.4,135.8,-2595.2
2025-01-01 00:00:59.800,obj002,206.0,114.0,-1902.2
2025-01-01 00:00:59.800,obj003,1480.3,116.2,-2556.7
2025-01-01 00:00:59.800,obj004,979.8,137.6,-2608.4
2025-01-01 00:01:00.000,obj001,693.3,126.3,-2621.1
2025-01-01 00:01:00.000,obj002,224.9,110.1,-1878.8
2025-01-01 00:01:00.000,obj003,1515.0,128.2,-2568.4
2025-01-01 00:01:00.000,obj004,952.0,153.8,-2607.0
